alpha_i,c,rho,f_opts,steps,final_errors
0.1,0.1,0.1,35.7783109661361,22,9.0263574385574e-05
0.1,0.1,0.26,66.6417648877668,11,8.38708588162262e-05
0.1,0.1,0.42,37.9742246855509,26,8.03744948854046e-05
0.1,0.1,0.58,64.8866481136228,7,6.64468646931482e-05
0.1,0.1,0.74,38.1110409270652,24,8.60847248986829e-05
0.1,0.1,0.9,39.7114332305967,38,7.37628438685078e-05
0.1,0.26,0.1,37.3486992247167,22,4.46061776457896e-05
0.1,0.26,0.26,37.480686469286,11,8.11712800370401e-05
0.1,0.26,0.42,37.434907431441,10,5.20252621853956e-05
0.1,0.26,0.58,37.2813216713507,9,8.96906056482294e-05
0.1,0.26,0.74,37.2991803644908,10,3.03110165802423e-05
0.1,0.26,0.9,36.9757711090146,13,8.9529031363611e-05
0.1,0.42,0.1,37.5558275456121,30,4.63891738249345e-05
0.1,0.42,0.26,37.5125705826512,29,9.83303824639847e-05
0.1,0.42,0.42,37.5274100869013,12,6.45450516358892e-05
0.1,0.42,0.58,37.5315906876153,11,9.97479367086385e-05
0.1,0.42,0.74,37.518438006843,8,3.64441058522402e-05
0.1,0.42,0.9,37.4685119603004,8,3.73128382591403e-05
0.1,0.58,0.1,37.6347051833837,43,4.18366375853907e-05
0.1,0.58,0.26,37.6080301128749,35,5.38647517700497e-05
0.1,0.58,0.42,37.5943152029859,18,2.60867684573896e-05
0.1,0.58,0.58,37.6068987388315,18,5.67607218400212e-05
0.1,0.58,0.74,37.5884099067935,17,7.45116965958914e-05
0.1,0.58,0.9,37.565628274941,13,3.52509011420921e-05
0.1,0.74,0.1,37.6658070018119,76,7.53070413139767e-05
0.1,0.74,0.26,37.6526994756996,48,5.23632708819832e-05
0.1,0.74,0.42,37.6431135881875,43,9.84116495743592e-05
0.1,0.74,0.58,37.6396247013499,35,4.35735421646655e-05
0.1,0.74,0.74,37.6384157621069,30,4.67410413378389e-05
0.1,0.74,0.9,37.6254720403091,27,4.71157969670344e-05
0.1,0.9,0.1,37.6831468180308,312,9.73579033143324e-05
0.1,0.9,0.26,37.6795532912012,162,9.35835028244014e-05
0.1,0.9,0.42,37.6768450864545,119,8.7653718161107e-05
0.1,0.9,0.58,37.6740501452438,105,9.30670290770763e-05
0.1,0.9,0.74,37.672051886602,86,7.05547633046422e-05
0.1,0.9,0.9,37.6699623911785,80,7.95235893420454e-05
0.325,0.1,0.1,66.4593859554543,17,5.83499911925855e-05
0.325,0.1,0.26,65.8454854481406,9,8.25434920272983e-05
0.325,0.1,0.42,66.5554002514441,5,5.78781697555542e-05
0.325,0.1,0.58,65.8356812141594,9,4.82424554348881e-05
0.325,0.1,0.74,38.0978965494349,24,6.34219841586514e-05
0.325,0.1,0.9,39.70308635917,41,7.98856542729709e-05
0.325,0.26,0.1,37.243219243146,14,4.26980659611331e-05
0.325,0.26,0.26,37.4894060339507,9,6.04832126214205e-05
0.325,0.26,0.42,37.3079519418057,8,3.6349999724905e-05
0.325,0.26,0.58,37.4021402401904,10,6.82005963810184e-05
0.325,0.26,0.74,37.3460574481852,9,3.41528956937509e-05
0.325,0.26,0.9,36.7597552727392,14,6.15557972309944e-05
0.325,0.42,0.1,37.5639618944438,75,7.83303627613918e-05
0.325,0.42,0.26,37.5033197904223,12,5.89214519877146e-05
0.325,0.42,0.42,37.5617719201949,10,8.12027447025798e-05
0.325,0.42,0.58,37.5285054954987,12,4.6934029711565e-05
0.325,0.42,0.74,37.4831229326585,9,3.56792984206322e-05
0.325,0.42,0.9,37.4732803311543,9,5.7192495006575e-05
0.325,0.58,0.1,37.6235229157967,82,7.86122113680676e-05
0.325,0.58,0.26,37.6015491900996,39,8.63227544698475e-05
0.325,0.58,0.42,37.5934325830206,27,6.59074676221394e-05
0.325,0.58,0.58,37.604843130463,17,3.66202054351561e-05
0.325,0.58,0.74,37.5894401739167,17,3.72023645240915e-05
0.325,0.58,0.9,37.5673091833235,13,4.02428134407273e-05
0.325,0.74,0.1,37.6619106157071,103,8.69668398024714e-05
0.325,0.74,0.26,37.6521699107805,51,9.26005449457534e-05
0.325,0.74,0.42,37.6426472331406,37,4.7647570838194e-05
0.325,0.74,0.58,37.6387074832404,33,5.32691295589416e-05
0.325,0.74,0.74,37.6346736776172,29,9.01603163612208e-05
0.325,0.74,0.9,37.6250278842219,27,3.78107033398578e-05
0.325,0.9,0.1,37.6837902282341,211,8.71800581521143e-05
0.325,0.9,0.26,37.6797316959667,179,9.95213834400488e-05
0.325,0.9,0.42,37.6765383766606,105,9.57906020531141e-05
0.325,0.9,0.58,37.6740840568525,100,9.76869644091494e-05
0.325,0.9,0.74,37.6717308667417,84,8.25406425093433e-05
0.325,0.9,0.9,37.669921606264,79,7.88963822060396e-05
0.55,0.1,0.1,64.703900502151,42,6.77124911874216e-05
0.55,0.1,0.26,37.3492208092881,30,8.68875483845954e-05
0.55,0.1,0.42,65.9766214096221,21,8.57042312958356e-05
0.55,0.1,0.58,65.7403850706781,8,6.00667344485828e-05
0.55,0.1,0.74,67.9246499990767,20,5.39778725681117e-05
0.55,0.1,0.9,39.5591995066285,39,9.19603830098481e-05
0.55,0.26,0.1,37.102870090661,39,8.7017737826045e-05
0.55,0.26,0.26,37.3505512018173,16,8.83623728924476e-05
0.55,0.26,0.42,37.4260285184248,11,6.93837150222976e-05
0.55,0.26,0.58,37.393255994555,9,3.60155977432441e-05
0.55,0.26,0.74,37.3698785349458,12,8.06206351668948e-05
0.55,0.26,0.9,36.7640757208349,14,6.1919038948588e-05
0.55,0.42,0.1,37.5243352909239,45,7.68795144594492e-05
0.55,0.42,0.26,37.5058428572047,17,7.81363033652838e-05
0.55,0.42,0.42,37.5312767944875,13,3.47588236877527e-05
0.55,0.42,0.58,37.5291948584419,12,7.67951993196903e-05
0.55,0.42,0.74,37.4875079835438,8,3.76512635540394e-05
0.55,0.42,0.9,37.4733288758836,9,5.74229588963249e-05
0.55,0.58,0.1,37.624030537901,57,6.60248876656055e-05
0.55,0.58,0.26,37.6120728581331,27,7.46377884865979e-05
0.55,0.58,0.42,37.5924587123215,18,5.67992999975786e-05
0.55,0.58,0.58,37.6053003579358,17,4.35659146234002e-05
0.55,0.58,0.74,37.5921265167358,15,3.41623857167406e-05
0.55,0.58,0.9,37.5673375902274,13,3.86636440126154e-05
0.55,0.74,0.1,37.6645337150936,81,7.62338929760631e-05
0.55,0.74,0.26,37.6518206432009,45,7.60484041890663e-05
0.55,0.74,0.42,37.6422507477454,44,8.79021627255838e-05
0.55,0.74,0.58,37.6390538027384,33,8.28215714321345e-05
0.55,0.74,0.74,37.6351235803689,31,4.6337982098521e-05
0.55,0.74,0.9,37.6250442220792,27,3.83636247818231e-05
0.55,0.9,0.1,37.6845790366854,464,9.98327035119928e-05
0.55,0.9,0.26,37.6793122841398,137,8.26054812463894e-05
0.55,0.9,0.42,37.6766332266641,120,9.69445920731005e-05
0.55,0.9,0.58,37.6735722041123,101,7.88774206341714e-05
0.55,0.9,0.74,37.6718593090727,85,9.0835823272073e-05
0.55,0.9,0.9,37.6699295186573,79,8.00729048577864e-05
0.775,0.1,0.1,37.3830846980872,28,6.30743207636897e-05
0.775,0.1,0.26,65.2096256155648,10,9.4408647996147e-05
0.775,0.1,0.42,66.5419717461528,6,5.34893789136959e-05
0.775,0.1,0.58,66.9848946683759,29,9.44903126480767e-05
0.775,0.1,0.74,38.0606458053119,17,6.95849153871109e-05
0.775,0.1,0.9,39.6150550216412,25,9.04202452574054e-05
0.775,0.26,0.1,37.3830846980872,28,6.30743207636897e-05
0.775,0.26,0.26,37.4886086225142,14,5.91441665136472e-05
0.775,0.26,0.42,37.310910346857,8,3.79774287608825e-05
0.775,0.26,0.58,36.8291995030551,6,5.38333017274795e-05
0.775,0.26,0.74,37.3072627465441,8,5.59957363179819e-05
0.775,0.26,0.9,37.2311770158666,11,6.63268996063948e-05
0.775,0.42,0.1,37.5420014484028,34,9.44604992696441e-05
0.775,0.42,0.26,37.5117345671062,11,8.60745294417598e-05
0.775,0.42,0.42,37.5617248621687,10,7.65652102430181e-05
0.775,0.42,0.58,37.4923574774059,11,7.54643819078638e-05
0.775,0.42,0.74,37.4860092957373,9,4.21634353386935e-05
0.775,0.42,0.9,37.4706997161928,9,3.85273551160026e-05
0.775,0.58,0.1,37.6325154228023,48,5.9816341916985e-05
0.775,0.58,0.26,37.6031871033798,22,2.56337289954445e-05
0.775,0.58,0.42,37.5933642604259,27,6.35531477684026e-05
0.775,0.58,0.58,37.594976428785,19,4.63062277731296e-05
0.775,0.58,0.74,37.590708787435,16,4.48879755907683e-05
0.775,0.58,0.9,37.5663967630614,13,7.0934490437935e-05
0.775,0.74,0.1,37.6662003317424,75,6.41631967894796e-05
0.775,0.74,0.26,37.6516396256118,69,9.81043680852167e-05
0.775,0.74,0.42,37.642619722279,37,4.60179788319692e-05
0.775,0.74,0.58,37.6380934109009,37,7.92302084420271e-05
0.775,0.74,0.74,37.6346579641718,30,4.68723546305228e-05
0.775,0.74,0.9,37.6267522290226,27,3.80414801952611e-05
0.775,0.9,0.1,37.6829215445456,359,9.82629154080428e-05
0.775,0.9,0.26,37.6787126115552,130,6.97337990729352e-05
0.775,0.9,0.42,37.6765228865435,105,9.28123706316342e-05
0.775,0.9,0.58,37.6735694959379,96,8.35850533675853e-05
0.775,0.9,0.74,37.6719876990751,84,9.81929966386019e-05
0.775,0.9,0.9,37.6698859202415,78,9.07241475829323e-05
1,0.1,0.1,35.7783109661361,22,9.0263574385574e-05
1,0.1,0.26,66.2143080192757,9,6.25868542982744e-05
1,0.1,0.42,36.8773349381335,10,3.23093249221529e-05
1,0.1,0.58,65.9547830548161,11,4.9024594844127e-05
1,0.1,0.74,39.6512453726053,16,3.16192605893661e-05
1,0.1,0.9,39.6574581557132,30,4.69491236358976e-05
1,0.26,0.1,37.3486992247167,22,4.46061776457896e-05
1,0.26,0.26,37.484545224956,11,2.36248035605513e-05
1,0.26,0.42,36.8773349381335,10,3.23093249221529e-05
1,0.26,0.58,37.4114824811376,10,7.52189695703009e-05
1,0.26,0.74,37.3659509975481,12,9.15098224112398e-05
1,0.26,0.9,37.0690775362501,15,6.26374750893888e-05
1,0.42,0.1,37.5558275456121,30,4.63891738249345e-05
1,0.42,0.26,37.5094264803241,11,3.60953504028316e-05
1,0.42,0.42,37.5522307444758,18,8.95890646717135e-05
1,0.42,0.58,37.5271768136385,11,9.5290319812591e-05
1,0.42,0.74,37.4875427992315,8,3.60895741948752e-05
1,0.42,0.9,37.4809711351874,8,3.74457251908211e-05
1,0.58,0.1,37.6347051833837,43,4.18366375853907e-05
1,0.58,0.26,37.6100886890905,48,2.25407507628006e-05
1,0.58,0.42,37.5991355875769,22,6.97832599669823e-05
1,0.58,0.58,37.604139353216,17,3.1710928197981e-05
1,0.58,0.74,37.5922752289536,15,3.17732821244476e-05
1,0.58,0.9,37.5645893750693,13,3.82738680499983e-05
1,0.74,0.1,37.6658070018119,76,7.53070413139767e-05
1,0.74,0.26,37.6518013916103,58,9.86157147053746e-05
1,0.74,0.42,37.6424799835005,41,8.23357705996841e-05
1,0.74,0.58,37.6380940431373,32,6.31213837110067e-05
1,0.74,0.74,37.6351811712289,30,7.89124774271954e-05
1,0.74,0.9,37.6258053943062,27,3.81545637324621e-05
1,0.9,0.1,37.6831468180308,312,9.73579033143324e-05
1,0.9,0.26,37.6796261888587,207,9.24362807452894e-05
1,0.9,0.42,37.6761991611245,139,8.90586815174288e-05
1,0.9,0.58,37.6738277733349,99,7.54131145797032e-05
1,0.9,0.74,37.6719093432783,85,9.94394585518421e-05
1,0.9,0.9,37.6700518559646,80,9.11425119127784e-05
